{"stats":{"minecraft:used":{"minecraft:dirt":2},"minecraft:mined":{"minecraft:grass":2,"minecraft:grass_block":2,"minecraft:dirt":1},"minecraft:custom":{"minecraft:jump":36,"minecraft:time_since_rest":2846,"minecraft:damage_dealt":10,"minecraft:sprint_one_cm":13483,"minecraft:leave_game":2,"minecraft:play_time":2846,"minecraft:damage_taken":125,"minecraft:time_since_death":2846,"minecraft:walk_one_cm":6533,"minecraft:total_world_time":2846,"minecraft:fall_one_cm":1103,"minecraft:fly_one_cm":6994},"minecraft:picked_up":{"minecraft:dirt":3}},"DataVersion":3465}